 CÓDIGO;DESCRIPCION;LATITUD;LONGITUD;DIRECCIÓN;C.P.;POBLACION;PROVINCIA;Fichas;Túneles lavado
05102;SAN XOAN;43,494555;-8,214222;ESTRADA SAN XOAN, S/N;15404;Ferrol;Coruña, A;https://data.renfe.com/files/estaciones/FichaEstacion05102.pdf;
05103;SANTA ICIA;43,500113;-8,199581;RUA ESTACION FERROCARRIL, 2;15570;Narón;Coruña, A;https://data.renfe.com/files/estaciones/FichaEstacion05103.pdf;
05104;VIRXE DO MAR;43,496509;-8,204876;RUA PONTE DAS CABRAS, S/N;15570;Narón;Coruña, A;https://data.renfe.com/files/estaciones/FichaEstacion05104.pdf;
05105;PIÑEIROS;43,509526;-8,183968;RUA CERRALLON DE ARRIBA, S/N;15572;Narón;Coruña, A;https://data.renfe.com/files/estaciones/FichaEstacion05105.pdf;
05106;O PONTO;43,514774;-8,177783;RUA MARIA SOLIÑA, 13;15572;Narón;Coruña, A;https://data.renfe.com/files/estaciones/FichaEstacion05106.pdf;
05107;XUVIA;43,517113;-8,161322;CARRETERA DE CASTELA CON TRAVESIA FEVE;15570;Narón;Coruña, A;https://data.renfe.com/files/estaciones/FichaEstacion05107.pdf;
05108;O ALTO DO CASTIÑEIRO;43,503175;-8,195562;RUA TORRE, S/N;15570;Narón;Coruña, A;https://data.renfe.com/files/estaciones/FichaEstacion05108.pdf;
05109;FERRERIAS;43,527976;-8,150454;CAMIÑO DO APEADOIRO PRADOS, S/N;15570;Narón;Coruña, A;https://data.renfe.com/files/estaciones/FichaEstacion05109.pdf;
05111;SEDES;43,542607;-8,140199;CARRETERA AG-64 - ESTACION FERROCARRIL, S/N;15570;Narón;Coruña, A;https://data.renfe.com/files/estaciones/FichaEstacion05111.pdf;
05113;PEDROSO DE NARON;43,536748;-8,109213;CALLE ALDEA MOSTEIRO, 4;15597;Narón;Coruña, A;https://data.renfe.com/files/estaciones/FichaEstacion05113.pdf;
05115;SAN SADURNIÑO;43,546021;-8,077931;CARRETERA DP-7603 - LUGAR ORXAS, 7;15560;San Sadurniño;Coruña, A;https://data.renfe.com/files/estaciones/FichaEstacion05115.pdf;
05117;LAMAS;43,54732;-8,048051;CARRETERA AC-862 - ESTACION FERROCARRIL, S/N;15562;San Sadurniño;Coruña, A;https://data.renfe.com/files/estaciones/FichaEstacion05117.pdf;
05119;APALLA;43,550465;-8,018659;CALLE ESTACION FERROCARRIL S/N;15563;San Sadurniño;Coruña, A;https://data.renfe.com/files/estaciones/FichaEstacion05119.pdf;
05121;MOECHE;43,562171;-8,002732;CARRETERA CP-4901 - ESTACION FERROCARRIL, S/N;15563;Moeche;Coruña, A;https://data.renfe.com/files/estaciones/FichaEstacion05121.pdf;
05123;LABACENGOS;43,56528;-7,980225;CARRETERA DP-4902 - ESTACION FERROCARRIL, S/N;15564;Moeche;Coruña, A;https://data.renfe.com/files/estaciones/FichaEstacion05123.pdf;
05125;ENTRAMBARRIAS;43,57706;-7,954257;CALLE ESTACION FERROCARRIL S/N;15564;Moeche;Coruña, A;https://data.renfe.com/files/estaciones/FichaEstacion05125.pdf;
05127;CERDIDO;43,58716;-7,934617;CARRETERA AC-110 - ESTACION FERROCARRIL, S/N;15563;Cerdido;Coruña, A;https://data.renfe.com/files/estaciones/FichaEstacion05127.pdf;
05129;A CUQUEIRA;43,60779;-7,921785;CALLE ESTACION FERROCARRIL S/N;15569;Cerdido;Coruña, A;https://data.renfe.com/files/estaciones/FichaEstacion05129.pdf;
05131;SANTA MARIA DE MERA;43,640986;-7,916209;CARRETERA AC-862 - ESTACION FERROCARRIL, S/N;15349;Ortigueira;Coruña, A;https://data.renfe.com/files/estaciones/FichaEstacion05131.pdf;
05133;PONTE MERA;43,666061;-7,902557;CARRETERA AC-862 - ESTACION FERROCARRIL, S/N;15340;Ortigueira;Coruña, A;https://data.renfe.com/files/estaciones/FichaEstacion05133.pdf;
05135;SAN CLODIO;43,660887;-7,873495;CARRETERA AC-862 - ESTACION FERROCARRIL, S/N;15368;Ortigueira;Coruña, A;https://data.renfe.com/files/estaciones/FichaEstacion05135.pdf;
05137;SENRA;43,668783;-7,8545455;CARRETERA AC-862 - ESTACION FERROCARRIL, S/N;15368;Ortigueira;Coruña, A;https://data.renfe.com/files/estaciones/FichaEstacion05137.pdf;
05139;ORTIGUEIRA;43,686268;-7,849488;AVENIDA JUAN LUIS PLA MARTINEZ, S/N;15330;Ortigueira;Coruña, A;https://data.renfe.com/files/estaciones/FichaEstacion05139.pdf;
05141;ESPASANTE;43,70888;-7,804897;CARRETERA AC-862 - ESTACION FERROCARRIL, S/N;15339;Ortigueira;Coruña, A;https://data.renfe.com/files/estaciones/FichaEstacion05141.pdf;
05143;LOIBA;43,730381;-7,750047;CARRETERA CP-6104 - ESTACION FERROCARRIL, S/N;15339;Ortigueira;Coruña, A;https://data.renfe.com/files/estaciones/FichaEstacion05143.pdf;
05145;O BARQUEIRO;43,735649;-7,70288;CARRETERA ESTACION FERROCARRIL, 6;15337;Mañón;Coruña, A;https://data.renfe.com/files/estaciones/FichaEstacion05145.pdf;
05147;O VICEDO;43,731011;-7,673025;RUA DEPUTACION - CAMIÑO SACIDO, S/N;27860;Vicedo, O;Lugo;https://data.renfe.com/files/estaciones/FichaEstacion05147.pdf;
05149;MOSENDE;43,706194;-7,635477;CARRETERA A FRADERIA, S/N;27861;Vicedo, O;Lugo;https://data.renfe.com/files/estaciones/FichaEstacion05149.pdf;
05151;FOLGUEIRO;43,692766;-7,635048;CARRETERA LU-862 - ESTACION FERROCARRIL, S/N;27860;Vicedo, O;Lugo;https://data.renfe.com/files/estaciones/FichaEstacion05151.pdf;
05153;COVAS DE VIVEIRO;43,670275;-7,614613;CAMINO ESCOLAR ESTACION FERROCARRIL, S/N;27861;Viveiro;Lugo;https://data.renfe.com/files/estaciones/FichaEstacion05153.pdf;
05155;VIVEIRO;43,6569;-7,60033;AVENIDA XUNQUEIRA ESQUINA RUA VERXELES, S/N;27869;Viveiro;Lugo;https://data.renfe.com/files/estaciones/FichaEstacion05155.pdf;
05156;VIVEIRO-APEADERO;43,663107;-7,592084;CAMIÑO ALTAMIRA, 2;27869;Viveiro;Lugo;https://data.renfe.com/files/estaciones/FichaEstacion05156.pdf;
05157;XUANCES;43,687991;-7,553904;CAMIÑO O CRUZEIRO - ESTACION FERROCARRIL, S/N;27877;Xove;Lugo;https://data.renfe.com/files/estaciones/FichaEstacion05157.pdf;
05159;XOVE-POBO;43,683567;-7,510921;CAMINO APEADERO, S/N;27878;Xove;Lugo;https://data.renfe.com/files/estaciones/FichaEstacion05159.pdf;
05161;XOVE;43,681138;-7,495251;CARRETERA LU-862 - ESTACION FERROCARRIL, S/N;27878;Xove;Lugo;https://data.renfe.com/files/estaciones/FichaEstacion05161.pdf;
05163;LAGO;43,687108;-7,481942;CARRETERA LU-2602 - ESTACION FERROCARRIL, S/N;27878;Xove;Lugo;https://data.renfe.com/files/estaciones/FichaEstacion05163.pdf;
05165;BIDUEIROS;43,696712;-7,468843;CAMINO MONTE GALIS, S/N;27890;Cervo;Lugo;https://data.renfe.com/files/estaciones/FichaEstacion05165.pdf;
05167;SAN CIBRAO;43,692319;-7,44177;CARRETERA LU-P-1510 - ESTACION FERROCARRIL, S/N;27890;Cervo;Lugo;https://data.renfe.com/files/estaciones/FichaEstacion05167.pdf;
05169;MADEIRO;43,686219;-7,412863;CARRETERA LU-P-1510 - ESTACION FERROCARRIL, S/N;27891;Cervo;Lugo;https://data.renfe.com/files/estaciones/FichaEstacion05169.pdf;
05171;BURELA;43,660607;-7,361183;RUA NOSA SEÑORA DO CARME, 10;27880;Burela;Lugo;https://data.renfe.com/files/estaciones/FichaEstacion05171.pdf;
05173;CANGAS DE FOZ;43,626106;-7,333309;CAMINO ALAMPARTE, S/N;27892;Foz;Lugo;https://data.renfe.com/files/estaciones/FichaEstacion05173.pdf;
05175;NOIS;43,610309;-7,312222;CARRETERA N-642 - ESTACION FERROCARRIL, S/N;27893;Foz;Lugo;https://data.renfe.com/files/estaciones/FichaEstacion05175.pdf;
05177;FAZOURO;43,600457;-7,299843;CARRETERA XENERAL FAZOURO, 4;27789;Foz;Lugo;https://data.renfe.com/files/estaciones/FichaEstacion05177.pdf;
05179;MARZAN;43,57475;-7,26936;RUA PENA PARDA, S/N;27787;Foz;Lugo;https://data.renfe.com/files/estaciones/FichaEstacion05179.pdf;
05181;FOZ;43,560886;-7,272235;CARRETERA XERAL PEDREIRA - RUA XOIÑA, S/N;27788;Foz;Lugo;https://data.renfe.com/files/estaciones/FichaEstacion05181.pdf;
05183;BARREIROS;43,547328;-7,22532;CARRETERA REMIOR, S/N;27792;Barreiros;Lugo;https://data.renfe.com/files/estaciones/FichaEstacion05183.pdf;
05185;REINANTE;43,549685;-7,174346;CARRETERA LU-P-0604 - ESTACION FERROCARRIL, S/N;27794;Barreiros;Lugo;https://data.renfe.com/files/estaciones/FichaEstacion05185.pdf;
05187;ESTEIRO;43,551697;-7,146099;CARRETERA LU-P-0610 - ESTACION FERROCARRIL, S/N;27795;Ribadeo;Lugo;https://data.renfe.com/files/estaciones/FichaEstacion05187.pdf;
05189;OS CASTROS;43,55157;-7,130895;CARRETERA LU-P-5208 - ESTACION FERROCARRIL, S/N;27795;Ribadeo;Lugo;https://data.renfe.com/files/estaciones/FichaEstacion05189.pdf;
05191;RINLO;43,549761;-7,108645;CARRETERA LU-141 - ESTACION FERROCARRIL, S/N;27797;Ribadeo;Lugo;https://data.renfe.com/files/estaciones/FichaEstacion05191.pdf;
05193;RIBADEO;43,53607;-7,055572;RUA PACO LANZA, 9;27700;Ribadeo;Lugo;https://data.renfe.com/files/estaciones/FichaEstacion05193.pdf;
05197;VEGADEO PUEBLO;43,479667;-7,057327;CARRETERA CP-52-05 - ESTACION FERROCARRIL, S/N;33770;Vegadeo;Asturias;https://data.renfe.com/files/estaciones/FichaEstacion05197.pdf;
05199;VILAVEDELLE;43,491186;-7,036008;CARRETERA N-640 - ESTACION FERROCARRIL, S/N;33778;Castropol;Asturias;https://data.renfe.com/files/estaciones/FichaEstacion05199.pdf;
05203;TREMAÑES-CARREÑO;43,528549;-5,694869;CAMINO DE LA IGLESIA - ESTACION FERROCARRIL, S/N;33211;Gijón;Asturias;https://data.renfe.com/files/estaciones/FichaEstacion05203.pdf;
05204;CENTRO DE TRANSPORTES;43,53124;-5,706781;CENTRO DE TRANSPORTES DE GIJÓN, APEADERO DEL FERROCARRIL;33211;Gijón;Asturias;https://data.renfe.com/files/estaciones/FichaEstacion05204.pdf;
05207;ABOÑO-APEADERO;43,555102;-5,723539;BARRIO ABOÑO-INDUSTRIA, S/N;33492;Carreño;Asturias;https://data.renfe.com/files/estaciones/FichaEstacion05207.pdf;
05208;XIVARES;43,565927;-5,728723;BARRIO XIVARES 4 - ESTACION FERROCARRIL, S/N;33492;Carreño;Asturias;https://data.renfe.com/files/estaciones/FichaEstacion05208.pdf;
05209;PERLORA;43,580864;-5,754112;POLIGONO PERLORA URBANO - ESTACION FERROCARRIL, S/N;33491;Carreño;Asturias;https://data.renfe.com/files/estaciones/FichaEstacion05209.pdf;
05210;CANDAS-APEADERO;43,586487;-5,767938;CALLE NUESTRA SEÑORA COVADEONGA, 9;33430;Carreño;Asturias;https://data.renfe.com/files/estaciones/FichaEstacion05210.pdf;
05211;CANDAS;43,584718;-5,772722;AVENIDA JOSE MARIA FERNANDEZ LADRERA, 27;33430;Carreño;Asturias;https://data.renfe.com/files/estaciones/FichaEstacion05211.pdf;
05213;REGUERAL;43,580531;-5,797681;BARRIO REGUERAL, 19 - ESTACION FERROCARRIL, S/N;33439;Carreño;Asturias;https://data.renfe.com/files/estaciones/FichaEstacion05213.pdf;
05215;ZANZABORNIN;43,568952;-5,825339;CARRETERA CE-1 - ESTACION FERROCARRIL, S/N;33449;Carreño;Asturias;https://data.renfe.com/files/estaciones/FichaEstacion05215.pdf;
05216;GUDIN LAMINACION;43,552295;-5,865382;CARRETERA AS-19 - ESTACION FERROCARRIL, S/N;33460;Corvera de Asturias;Asturias;https://data.renfe.com/files/estaciones/FichaEstacion05216.pdf;
05217;TRASONA;43,551782;-5,87176;CARRETERA AS-19 - ESTACION FERROCARRIL, S/N;33468;Corvera de Asturias;Asturias;https://data.renfe.com/files/estaciones/FichaEstacion05217.pdf;
05218;OFICINAS;43,551308;-5,877217;AVENIDA DE GJON - ESTACION FERROCARRIL, S/N;33468;Corvera de Asturias;Asturias;;
05219;LLARANES;43,55433;-5,896553;PLAZA ENSIDESA, 29;33417;Avilés;Asturias;https://data.renfe.com/files/estaciones/FichaEstacion05219.pdf;
05220;CRISTALERIA;43,575551;-5,929532;BARRIO LA MARUCA, 110 - ESTACION DE FERROCARRIL, S/N;33401;Avilés;Asturias;https://data.renfe.com/files/estaciones/FichaEstacion05220.pdf;
05221;AVILES-APEADERO;43,554627;-5,917472;CALLE DEL MUELLE, S/N;33402;Avilés;Asturias;https://data.renfe.com/files/estaciones/FichaEstacion05221.pdf;
05224;RAICES;43,576334;-5,939915;CALLE ANTONIO MACHADO, 2 - ESTACION FERROCARRIL, S/N;33400;Castrillón;Asturias;https://data.renfe.com/files/estaciones/FichaEstacion05224.pdf;
05225;SALINAS;43,57039;-5,956633;CALLE EL ALG?IL, S/N;33405;Castrillón;Asturias;https://data.renfe.com/files/estaciones/FichaEstacion05225.pdf;
05227;PIEDRAS BLANCAS;43,556554;-5,975562;CALLE ESTACION FERROCARRIL, S/N;33450;Castrillón;Asturias;https://data.renfe.com/files/estaciones/FichaEstacion05227.pdf;
05229;VEGARROZADAS;43,551162;-5,99556;AVENIDA GALICIA - ESTACION FERROCARRIL, S/N;33450;Castrillón;Asturias;https://data.renfe.com/files/estaciones/FichaEstacion05229.pdf;
05231;SANTIAGO DEL MONTE;43,540979;-6,028002;CARRETERA N-632 - ESTACION FERROCARRIL, S/N;33458;Castrillón;Asturias;https://data.renfe.com/files/estaciones/FichaEstacion05231.pdf;
05232;EL PARADOR;43,535248;-6,070541;CALLE PARADOR, S/N;33126;Soto del Barco;Asturias;https://data.renfe.com/files/estaciones/FichaEstacion05232.pdf;
05233;SOTO DEL BARCO;43,529073;-6,071324;CALLE ESTACION FERROCARRIL, S/N;33126;Soto del Barco;Asturias;https://data.renfe.com/files/estaciones/FichaEstacion05233.pdf;
05235;RIBERAS;43,502742;-6,074331;CARRETERA AS-16 - ESTACION FERROCARRIL, S/N;33127;Soto del Barco;Asturias;https://data.renfe.com/files/estaciones/FichaEstacion05235.pdf;
05237;PEÑAULLAN;43,491163;-6,093979;CALLE ALDEA PEÑAULLAN, 801;33127;Pravia;Asturias;https://data.renfe.com/files/estaciones/FichaEstacion05237.pdf;
05239;SANTIANES;43,503755;-6,091829;CALLE LUGAR SANTIANES, 49;33129;Pravia;Asturias;https://data.renfe.com/files/estaciones/FichaEstacion05239.pdf;
05241;LOS CABOS;43,512406;-6,09748;CARRETERA AS-224 - ESTACION FERROCARRIL, S/N;33129;Pravia;Asturias;https://data.renfe.com/files/estaciones/FichaEstacion05241.pdf;
05243;MUROS DE NALON;43,542957;-6,111114;CALLE DE FRANCISCO CABAL, S/N;33138;Muros de Nalón;Asturias;https://data.renfe.com/files/estaciones/FichaEstacion05243.pdf;
05244;EL PITO PIÑERA;43,546893;-6,143335;CARRETERA N-632 - ESTACION FERROCARRIL, S/N;33159;Cudillero;Asturias;https://data.renfe.com/files/estaciones/FichaEstacion05244.pdf;
05245;CUDILLERO;43,550925;-6,151968;CALLE JUAN ANTONIO BRAVO - ESTACION FERROCARRIL, S/N;33159;Cudillero;Asturias;https://data.renfe.com/files/estaciones/FichaEstacion05245.pdf;
05247;VILLADEMAR;43,557065;-6,155477;CARRETERA CU-1 - ESTACION FERROCARRIL, S/N;33159;Cudillero;Asturias;https://data.renfe.com/files/estaciones/FichaEstacion05247.pdf;
05249;LA MAGDALENA;43,559309;-6,184922;CARRETERA N-632A - ESTACION FERROCARRIL, S/N;33155;Cudillero;Asturias;https://data.renfe.com/files/estaciones/FichaEstacion05249.pdf;
05251;SAN MARTIN DE LUIÑA;43,544546;-6,228572;CARRETERA AS-222 - ESTACION FERROCARRIL, S/N;33155;Cudillero;Asturias;https://data.renfe.com/files/estaciones/FichaEstacion05251.pdf;
05253;SAN COSME;43,544069;-6,248091;CARRETERA AS-222 - ESTACION FERROCARRIL, S/N;33155;Cudillero;Asturias;https://data.renfe.com/files/estaciones/FichaEstacion05253.pdf;
05255;SOTO DE LUIÑA;43,559635;-6,234369;CARRETERA CU-7 - ESTACION FERROCARRIL, S/N;33156;Cudillero;Asturias;https://data.renfe.com/files/estaciones/FichaEstacion05255.pdf;
05257;VALDREDO;43,56638;-6,263234;CALLE ESTACION FERROCARRIL S/N;33157;Cudillero;Asturias;https://data.renfe.com/files/estaciones/FichaEstacion05257.pdf;
05259;NOVELLANA;43,557795;-6,289593;CARRETERA N-632 - ESTACION FERROCARRIL, S/N;33157;Cudillero;Asturias;https://data.renfe.com/files/estaciones/FichaEstacion05259.pdf;
05261;SANTA MARINA;43,552674;-6,305181;CARRETERA N-632 - ESTACION FERROCARRIL, S/N;33158;Cudillero;Asturias;https://data.renfe.com/files/estaciones/FichaEstacion05261.pdf;
05263;BALLOTA;43,550955;-6,322752;CARRETERA N-632 - ESTACION FERROCARRIL, S/N;33158;Cudillero;Asturias;https://data.renfe.com/files/estaciones/FichaEstacion05263.pdf;
05265;TABLIZO;43,548164;-6,351593;CARRETERA N-632A - ESTACION FERROCARRIL, S/N;33780;Valdés;Asturias;https://data.renfe.com/files/estaciones/FichaEstacion05265.pdf;
05267;CADAVEDO;43,542952;-6,391612;CARRETERA AS-268 - ESTACION FERROCARRIL, S/N;33788;Valdés;Asturias;https://data.renfe.com/files/estaciones/FichaEstacion05267.pdf;
05269;SAN CRISTOBAL;43,547225;-6,415264;CARRETERA SAN CRISTOBAL - QUINTANA - ESTACION FERROCARRIL, S/N;33789;Valdés;Asturias;https://data.renfe.com/files/estaciones/FichaEstacion05269.pdf;
05271;CANERO;43,541913;-6,445878;CARRETERA N-632A - ESTACION FERROCARRIL, S/N;33787;Valdés;Asturias;https://data.renfe.com/files/estaciones/FichaEstacion05271.pdf;
05273;BARCIA;43,546813;-6,50828;CALLE ESTACION FERROCARRIL S/N;33787;Valdés;Asturias;https://data.renfe.com/files/estaciones/FichaEstacion05273.pdf;
05275;LUARCA;43,537949;-6,536617;AVENIDA ESTACION FERROCARRIL, S/N;33700;Valdés;Asturias;https://data.renfe.com/files/estaciones/FichaEstacion05275.pdf;
05277;OTUR;43,540541;-6,593562;CARRETERA N-634, KM. 511 - ESTACION FERROCARRIL, S/N;33792;Valdés;Asturias;https://data.renfe.com/files/estaciones/FichaEstacion05277.pdf;
05279;VILLAPEDRE;43,546723;-6,64587;CARRETERA NV-2 - ESTACION FERROCARRIL, S/N;33793;Navia;Asturias;https://data.renfe.com/files/estaciones/FichaEstacion05279.pdf;
05281;PIÑERA-VILLAORIL;43,535685;-6,685414;CARRETERA NACIONAL 634, APEADERO DEL FERROCARRIL;33719;Navia;Asturias;https://data.renfe.com/files/estaciones/FichaEstacion05281.pdf;
05283;NAVIA;43,536802;-6,719425;AVENIDA MANUEL SUAREZ, 8;33710;Navia;Asturias;https://data.renfe.com/files/estaciones/FichaEstacion05283.pdf;
05285;MEDAL;43,545692;-6,752994;CARRETERA CÑ-6 - ESTACION FERROCARRIL, S/N;33719;Coaña;Asturias;https://data.renfe.com/files/estaciones/FichaEstacion05285.pdf;
05287;LOZA;43,551254;-6,771675;CARRETERA CÑ-6 - ESTACION FERROCARRIL, S/N;33719;Coaña;Asturias;https://data.renfe.com/files/estaciones/FichaEstacion05287.pdf;
05289;CARTAVIO;43,550714;-6,789622;CARRETERA CÑ-6 - ESTACION FERROCARRIL, S/N;33719;Coaña;Asturias;https://data.renfe.com/files/estaciones/FichaEstacion05289.pdf;
05291;LA CARIDAD;43,547074;-6,827541;CARRETERA N-634 - ESTACION FERROCARRIL, S/N;33746;Franco, El;Asturias;https://data.renfe.com/files/estaciones/FichaEstacion05291.pdf;
05293;TAPIA;43,535026;-6,909329;CARRETERA AS-31 - ESTACION FEROCARRIL, S/N;33747;Tapia de Casariego;Asturias;https://data.renfe.com/files/estaciones/FichaEstacion05293.pdf;
05295;TOL;43,527204;-6,952128;CARRETERA AS-32 - ESTACION FEROCARRIL, S/N;33794;Castropol;Asturias;https://data.renfe.com/files/estaciones/FichaEstacion05295.pdf;
05297;LAS CAMPAS DE CASTROPOL;43,5149531;-7,0044;La Campas, 4 (A);33768;Castropol;Asturias;https://data.renfe.com/files/estaciones/FichaEstacion05297.pdf;
05299;CASTROPOL;43,508889;-7,013841;CARRETERA N-640 - ESTACION FERROCARRIL, S/N;33769;Castropol;Asturias;https://data.renfe.com/files/estaciones/FichaEstacion05299.pdf;
05300;VALLOBIN;43,365223;-5,8648;PLAZA ANGEL GONZALEZ, S/N;33012;Oviedo;Asturias;https://data.renfe.com/files/estaciones/FichaEstacion05300.pdf;
05301;LA ARGAÑOSA-LAVAPIES;43,365832;-5,870018;CALLE FAVILA, S/N;33013;Oviedo;Asturias;https://data.renfe.com/files/estaciones/FichaEstacion05301.pdf;
05302;LAS CAMPAS;43,363877;-5,883383;CALLE PROAZA, S/N;33012;Castropol;Asturias;https://data.renfe.com/files/estaciones/FichaEstacion05302.pdf;
05303;LAS MAZAS;43,358665;-5,897636;CARRETERA A-232 - ESTACION FERROCARRIL, S/N;0;Oviedo;Asturias;https://data.renfe.com/files/estaciones/FichaEstacion05303.pdf;
05304;SAN CLAUDIO;43,355333;-5,917811;CALLE ESTACION FERROCARRIL, S/N;33191;Oviedo;Asturias;https://data.renfe.com/files/estaciones/FichaEstacion05304.pdf;
05306;SAN PEDRO NORA;43,368675;-5,958797;CARRETERA A-233 - ESTACION FERROCARRIL, S/N;33119;Oviedo;Asturias;https://data.renfe.com/files/estaciones/FichaEstacion05306.pdf;
05308;SOTO UDRION;43,356449;-5,964987;CARRETERA N-634 - ESTACION FERROCARRIL, S/N;33119;Oviedo;Asturias;https://data.renfe.com/files/estaciones/FichaEstacion05308.pdf;
05311;TRUBIA;43,348306;-5,967554;CALLE SUAREZ INCLAN, 31;33119;Oviedo;Asturias;https://data.renfe.com/files/estaciones/FichaEstacion05311.pdf;
05313;SANTA MARIA DE GRADO;43,384249;-5,982705;CARRETERA N-634 - ESTACION FERROCARRIL, S/N;33892;Grado;Asturias;https://data.renfe.com/files/estaciones/FichaEstacion05313.pdf;
05315;VEGA DE ANZO;43,389381;-6,005908;CARRETERA N-634 - ESTACION FERROCARRIL, S/N;33190;Grado;Asturias;https://data.renfe.com/files/estaciones/FichaEstacion05315.pdf;
05316;PEÑAFLOR DE GRADO;43,40288;-6,045457;CARRETERA N-634 - ESTACION FERROCARRIL, S/N;33829;Grado;Asturias;https://data.renfe.com/files/estaciones/FichaEstacion05316.pdf;
05317;GRADO;43,394451;-6,063736;CALLE JOVE Y VALDES, 18;33828;Grado;Asturias;https://data.renfe.com/files/estaciones/FichaEstacion05317.pdf;
05319;SANDICHE;43,425605;-6,05996;CARRETERA AS-237 - ESTACION FERROCARRIL, S/N;33829;Candamo;Asturias;https://data.renfe.com/files/estaciones/FichaEstacion05319.pdf;
05320;ACES;43,439909;-6,065812;CARRETERA CD-2 - ESTACION FERROCARRIL, S/N;33828;Candamo;Asturias;https://data.renfe.com/files/estaciones/FichaEstacion05320.pdf;
05321;SAN ROMAN;43,448863;-6,077152;CARRETERA AS-236 - ESTACION FERROCARRIL, S/N;0;Candamo;Asturias;https://data.renfe.com/files/estaciones/FichaEstacion05321.pdf;
05323;BEIFAR;43,470149;-6,098903;CARRETERA AS-236 - ESTACION FERROCARRIL, S/N;33129;Pravia;Asturias;https://data.renfe.com/files/estaciones/FichaEstacion05323.pdf;
05325;PRAVIA;43,490886;-6,110544;CALLE SUAREZ PAZOS, 1;33120;Pravia;Asturias;https://data.renfe.com/files/estaciones/FichaEstacion05325.pdf;
05327;SAN RANON;43,51648;-6,082047;CARRETERA A-8 - ESTACION FERROCARRIL, S/N;33129;Pravia;Asturias;https://data.renfe.com/files/estaciones/FichaEstacion05327.pdf;
05329;SAN ESTEBAN;43,552084;-6,087238;CALLE CASTO PLASENCIA, 6;33130;Muros de Nalón;Asturias;https://data.renfe.com/files/estaciones/FichaEstacion05329.pdf;
05361;BAIÑA;43,274489;-5,828259;CALLE CUESTA PEÑULE - ESTACION FERROCARRIL, S/N;33682;Mieres;Asturias;https://data.renfe.com/files/estaciones/FichaEstacion05361.pdf;
05369;MIERES VASCO;43,250317;-5,780093;CALLE RIO EO, 57;33600;Mieres;Asturias;https://data.renfe.com/files/estaciones/FichaEstacion05369.pdf;
05371;CAUDALIA;43,228221;-5,782781;AVENIDA DEL CAMINO, S/N - JUNTO HOSPITAL ALVAREZ BUYLLA;33619;Mieres;Asturias;https://data.renfe.com/files/estaciones/FichaEstacion05371.pdf;
05373;FIGAREDO;43,213827;-5,783955;CUESTA ESTACION FIGAREDO, 58;33683;Mieres;Asturias;https://data.renfe.com/files/estaciones/FichaEstacion05373.pdf;
05375;UJO TARUELO;43,200623;-5,787895;CARRETERA AS-112 - ESTACION FERROCARRIL, S/N;33612;Mieres;Asturias;https://data.renfe.com/files/estaciones/FichaEstacion05375.pdf;
05376;SANTA CRUZ;43,195974;-5,777523;CALLE JOSE GARCIA LORENZO - ESTACION FERROCARRIL, S/N;33612;Mieres;Asturias;https://data.renfe.com/files/estaciones/FichaEstacion05376.pdf;
05377;CABORANA;43,17612;-5,75485;AVENIDA DE ALLER, S/N;33684;Aller;Asturias;https://data.renfe.com/files/estaciones/FichaEstacion05377.pdf;
05379;MOREDA DE ALLER;43,171343;-5,742092;AVENIDA CONSTITUACION, 100 - CALLE ESTACION FERROCARRIL, S/N;33670;Aller;Asturias;https://data.renfe.com/files/estaciones/FichaEstacion05379.pdf;
05380;SAN ANTONIO;43,168876;-5,696715;CARRETERA AS-112A - ESTACION FERROCARRIL, S/N;33685;Aller;Asturias;https://data.renfe.com/files/estaciones/FichaEstacion05380.pdf;
05381;OYANCO;43,166568;-5,722204;BARRIO SANTA BARBARA - ESTACION FERROCARRIL, S/N;33679;Aller;Asturias;https://data.renfe.com/files/estaciones/FichaEstacion05381.pdf;
05382;CORIGOS;43,164306;-5,676593;CARRETERA AS-112 - ESTACION FERROCARRIL, S/N;33686;Aller;Asturias;https://data.renfe.com/files/estaciones/FichaEstacion05382.pdf;
05383;PIÑERES;43,166008;-5,684312;CARRETERA AS-112A - ESTACION FERROCARRIL, S/N;33685;Aller;Asturias;https://data.renfe.com/files/estaciones/FichaEstacion05383.pdf;
05384;SANTA ANA-SOTO;43,16478;-5,646112;CARRETERA AS-112 - ESTACION FERROCARRIL, S/N;33685;Ribera de Arriba;Asturias;https://data.renfe.com/files/estaciones/FichaEstacion05384.pdf;
05385;CABAÑAQUINTA;43,16079;-5,624916;AVENIDA FRANCISCO CABRERA, 16;33686;Aller;Asturias;https://data.renfe.com/files/estaciones/FichaEstacion05385.pdf;
05387;LEVINCO;43,151098;-5,600266;CARRETERA A-253 - ESTACION FERROCARRIL, S/N;33686;Aller;Asturias;https://data.renfe.com/files/estaciones/FichaEstacion05387.pdf;
05389;COLLANZO;43,124085;-5,56619;CALLE CARRETERA GENERAL, S/N;33680;Aller;Asturias;https://data.renfe.com/files/estaciones/FichaEstacion05389.pdf;
05403;TREMAÑES-LANGREO;43,527123;-5,690694;CAMINO DE TREMAÑES-GIJÓN, APEADERO DEL FERROCARRIL, S/N;33211;Gijón;Asturias;https://data.renfe.com/files/estaciones/FichaEstacion05403.pdf;
05405;SOTIELLO;43,507289;-5,726564;CARRETERA GI-4 - BARRIO SOTIELLO, 6;33393;Gijón;Asturias;https://data.renfe.com/files/estaciones/FichaEstacion05405.pdf;
05407;PINZALES;43,48652;-5,7197;CARRETERA AS-266 - ESTACION FERROCARRIL, S/N;33392;Gijón;Asturias;https://data.renfe.com/files/estaciones/FichaEstacion05407.pdf;
05409;AGUDA;43,466311;-5,725976;CALLE ESTACION FERROCARRIL S/N;33392;Gijón;Asturias;https://data.renfe.com/files/estaciones/FichaEstacion05409.pdf;
05410;XIXUN;43,370778;-5,69338;CARRETERA AS-246 - ESTACION FERROCARRIL, S/N;33937;Siero;Asturias;https://data.renfe.com/files/estaciones/FichaEstacion05410.pdf;
05411;LA FLORIDA;43,434794;-5,709945;CALLE ESTACION FERROCARRIL S/N;33189;Siero;Asturias;https://data.renfe.com/files/estaciones/FichaEstacion05411.pdf;
05412;PUENTE BURACOS;43,448069;-5,717261;CALLE ESTACION FERROCARRIL S/N;33189;Siero;Asturias;https://data.renfe.com/files/estaciones/FichaEstacion05412.pdf;
05413;NOREÑA;43,393985;-5,703607;AVENIDA DE GIJON, 19;33180;Noreña;Asturias;https://data.renfe.com/files/estaciones/FichaEstacion05413.pdf;
05415;BENDICION;43,363481;-5,680614;CARRETERA SI-8 - ESTACION FERROCARRIL, S/N;33937;Siero;Asturias;https://data.renfe.com/files/estaciones/FichaEstacion05415.pdf;
05416;VALDESOTO;43,358494;-5,658477;CARRETERA SI-16 - ESTACION FERROCARRIL, S/N;33938;Siero;Asturias;https://data.renfe.com/files/estaciones/FichaEstacion05416.pdf;
05417;CARBAYIN;43,350754;-5,634353;CARRETERA AS-249 - ESTACION FERROCARRIL, S/N;33936;Siero;Asturias;https://data.renfe.com/files/estaciones/FichaEstacion05417.pdf;
05420;CURUXONA;43,339403;-5,63081;CARRETERA AS-323 - ESTACION FERROCARRIL, S/N;33936;Siero;Asturias;https://data.renfe.com/files/estaciones/FichaEstacion05420.pdf;
05421;TUILLA;43,328069;-5,643052;BARRIO ESTACION FERROCARRIL, 1;33935;Langreo;Asturias;https://data.renfe.com/files/estaciones/FichaEstacion05421.pdf;
05425;LA FELGUERA-VEGA;43,310493;-5,685638;CALLE INTERVENTOR LA CIERVA, S/N - AVENIDA GIJON, S/N;33930;Langreo;Asturias;https://data.renfe.com/files/estaciones/FichaEstacion05425.pdf;
05429;SAMA-LOS LLERONES;43,298761;-5,683358;CALLE UNION, 1;33939;Langreo;Asturias;https://data.renfe.com/files/estaciones/FichaEstacion05429.pdf;
05431;CIAÑO-ESCOBIO;43,290721;-5,667903;CARRETERA AS-117 - ESTACION FERROCARRIL, S/N;33900;Langreo;Asturias;https://data.renfe.com/files/estaciones/FichaEstacion05431.pdf;
05432;SAN VICENTE;43,289134;-5,6529;CALLE SAN VICENTE - ESTACION FERROCARRIL, S/N;33947;San Martín del Rey Aurelio;Asturias;https://data.renfe.com/files/estaciones/FichaEstacion05432.pdf;
05433;EL ENTREGO-LA OSCURA;43,28953;-5,640808;CALLE MAXIMO FERNANDEZ COCAÑIN, S/N;33946;San Martín del Rey Aurelio;Asturias;https://data.renfe.com/files/estaciones/FichaEstacion05433.pdf;
05435;CARROCERA;43,28774;-5,62637;CALLE LA GRANJA, S/N;33945;San Martín del Rey Aurelio;Asturias;https://data.renfe.com/files/estaciones/FichaEstacion05435.pdf;
05436;SAN MARTIN;43,278378;-5,615305;PLAZA INDUSTRIAL LA FLORIDA, S/N;33958;San Martín del Rey Aurelio;Asturias;https://data.renfe.com/files/estaciones/FichaEstacion05436.pdf;
05437;SOTRONDIO;43,275948;-5,604916;CALLE ESTANISLAO INFANZON, 9;33950;San Martín del Rey Aurelio;Asturias;https://data.renfe.com/files/estaciones/FichaEstacion05437.pdf;
05439;BLIMEA;43,270874;-5,590321;AVENIDA DE LA LIBERTAD, S/N;33960;San Martín del Rey Aurelio;Asturias;https://data.renfe.com/files/estaciones/FichaEstacion05439.pdf;
05441;BARREDOS;43,259888;-5,575991;CALLE ESTACION FERROCARRIL, S/N;33970;Laviana;Asturias;https://data.renfe.com/files/estaciones/FichaEstacion05441.pdf;
05443;LAVIANA;43,250796;-5,564669;CALLE DE TEJERA NORTE, 4;33989;Laviana;Asturias;https://data.renfe.com/files/estaciones/FichaEstacion05443.pdf;
05451;BILBAO-LA CONCORDIA;43,259998;-2,926286;BAILEN KALEA, 2;48003;Bilbao;Bizkaia;https://data.renfe.com/files/estaciones/FichaEstacion05451.pdf;
05455;BASURTO HOSPITAL;43,259754;-2,953828;BENTA ESTRATA, 2;48013;Bilbao;Bizkaia;https://data.renfe.com/files/estaciones/FichaEstacion05455.pdf;
05457;ZORROTZA-ZORROZGOITI;43,274109;-2,974073;ZORROTZA KASTREXANA ERREPIDEA, 39;48013;Bilbao;Bizkaia;https://data.renfe.com/files/estaciones/FichaEstacion05457.pdf;
05459;SANTA AGUEDA;43,261854;-2,973004;EZKERRIBAI ESTRATA, S/N;48013;Bilbao;Bizkaia;https://data.renfe.com/files/estaciones/FichaEstacion05459.pdf;
05460;KASTREXANA;43,255429;-2,972028;CARRETERA BI-3742 - ZORROTZA KASTREXANA ERREPIDEA;48013;Bilbao;Bizkaia;https://data.renfe.com/files/estaciones/FichaEstacion05460.pdf;
05461;IRAUREGI;43,248317;-2,990089;BAZTEITA AUZOA, 2;48810;Alonsotegi;Bizkaia;https://data.renfe.com/files/estaciones/FichaEstacion05461.pdf;
05463;ZARAMILLO;43,23339;-3,015996;GELTOKI BIDEA - CARRETERA BI-3651;48820;Güeñes;Bizkaia;https://data.renfe.com/files/estaciones/FichaEstacion05463.pdf;
05465;LA QUADRA;43,222836;-3,024927;ASKATASUNA KALEA, 21;48820;Güeñes;Bizkaia;https://data.renfe.com/files/estaciones/FichaEstacion05465.pdf;
05467;SODUPE;43,202057;-3,050494;GUDARI PLAZA, 1;48830;Güeñes;Bizkaia;https://data.renfe.com/files/estaciones/FichaEstacion05467.pdf;
05469;ARTXUBE;43,201091;-3,071677;ARTXUBE KALEA, 2;48840;Güeñes;Bizkaia;https://data.renfe.com/files/estaciones/FichaEstacion05469.pdf;
05470;LAMBARRI;43,205985;-3,08262;LAMBARRI KALEA - CARRETERA BI-3651 - ESTACION FERROCARRIL, S/N;48840;Güeñes;Bizkaia;https://data.renfe.com/files/estaciones/FichaEstacion05470.pdf;
05471;GÜEÑES;43,20908;-3,095381;ENKARTERRI KALEA, S/N;48840;Güeñes;Bizkaia;https://data.renfe.com/files/estaciones/FichaEstacion05471.pdf;
05473;ARANGUREN;43,210494;-3,109354;BIDEA ESTACION, 1;48850;Zalla;Bizkaia;https://data.renfe.com/files/estaciones/FichaEstacion05473.pdf;
05474;ARANGUREN-APEADERO;43,210347;-3,114075;NICOLAS MARIA URGOITI KALEA - AUTONOMIA PLAZA, S/N;48860;Zalla;Bizkaia;https://data.renfe.com/files/estaciones/FichaEstacion05474.pdf;
05475;ZALLA;43,212797;-3,133284;DOCTOR ANDRES AYA GOÑI KALEA, S/N;48860;Zalla;Bizkaia;https://data.renfe.com/files/estaciones/FichaEstacion05475.pdf;
05477;COLEGIO;43,210877;-3,138681;ETORBIDEA LEHENDAKARI JOSE ANTONIO AGIRRE, 17;48860;Güeñes;Bizkaia;https://data.renfe.com/files/estaciones/FichaEstacion05477.pdf;
05479;IBARRA;43,2039;-3,144819;GOBEO AUZOA, 14;48860;Zalla;Bizkaia;https://data.renfe.com/files/estaciones/FichaEstacion05479.pdf;
05480;BOLUNBURU;43,199986;-3,150469;BARRIO BOLUMBURU - ESTACION FERROCARRIL, S/N;48860;Zalla;Bizkaia;https://data.renfe.com/files/estaciones/FichaEstacion05480.pdf;
05481;LA HERRERA;43,203409;-3,170557;IJALDE AUZOA, 9;48860;Zalla;Bizkaia;https://data.renfe.com/files/estaciones/FichaEstacion05481.pdf;
05483;BALMASEDA;43,196388;-3,189924;ESTACION KALEA, 3;48800;Balmaseda;Bizkaia;https://data.renfe.com/files/estaciones/FichaEstacion05483.pdf;
05484;MIMETIZ;43,2132627;-3,1352774;Retola, 32;48860;Zalla;Bizkaia;https://data.renfe.com/files/estaciones/FichaEstacion05484.pdf;
05485;LA CALZADA;43,190141;-3,19737;LA CALZADA KALEA 3;48800;Balmaseda;Bizkaia;https://data.renfe.com/files/estaciones/FichaEstacion05485.pdf;
05487;TRASLAVIÑA;43,23329;-3,198304;CARRETERA BI-630 - LA HERBOSA AUZOA, 76;48879;Artzentales;Bizkaia;https://data.renfe.com/files/estaciones/FichaEstacion05487.pdf;
05489;ARTZENTALES;43,235863;-3,213233;CALLE ESTACION FERROCARRIL, S/N;48879;Artzentales;Bizkaia;https://data.renfe.com/files/estaciones/FichaEstacion05489.pdf;
05493;VILLAVERDE DE TRUCIOS;43,241263;-3,250599;LAURETA AUZOA, 29;48879;Trucios-Turtzioz;Bizkaia;https://data.renfe.com/files/estaciones/FichaEstacion05493.pdf;
05497;KARRANTZA;43,238854;-3,357827;AMBASAGUAS AUZOA, 9;48890;Karrantza Harana/Valle de Carranza;Bizkaia;https://data.renfe.com/files/estaciones/FichaEstacion05497.pdf;
05504;PARQUE PRINCIPADO;43,386506;-5,808862;CALLE ALDEA PAREDES, S/N;33011;Oviedo;Asturias;https://data.renfe.com/files/estaciones/FichaEstacion05504.pdf;
05505;COLLOTO;43,379495;-5,792366;CALLE ESTACION FERROCARRIL, S/N;33010;Siero;Asturias;https://data.renfe.com/files/estaciones/FichaEstacion05505.pdf;
05507;MERES;43,380917;-5,748779;CALLE ESTACION FERROCARRIL, S/N;33199;Siero;Asturias;https://data.renfe.com/files/estaciones/FichaEstacion05507.pdf;
05508;FONCIELLO;43,381782;-5,729723;CARRETERA NACIONAL 634, S/N;33199;Siero;Asturias;https://data.renfe.com/files/estaciones/FichaEstacion05508.pdf;
05509;EL BERRON;43,382921;-5,702906;CALLE ESTACION FERROCARRIL, S/N;33186;Siero;Asturias;https://data.renfe.com/files/estaciones/FichaEstacion05509.pdf;
05511;LA CARRERA DE SIERO;43,386909;-5,675275;CALLE DEL LLUGAR DE ARRIBA, S/N;33519;Siero;Asturias;https://data.renfe.com/files/estaciones/FichaEstacion05511.pdf;
05513;POLA DE SIERO;43,388113;-5,664779;CALLE MOLIN, S/N;33510;Siero;Asturias;https://data.renfe.com/files/estaciones/FichaEstacion05513.pdf;
05515;LOS CORROS;43,376828;-5,601385;CARRETERA AS-249 - ESTACION FERROCARRIL, S/N;33518;Siero;Asturias;https://data.renfe.com/files/estaciones/FichaEstacion05515.pdf;
05517;LIERES;43,38058;-5,582573;CALLE ESTACION FERROCARRIL, S/N;33580;Siero;Asturias;https://data.renfe.com/files/estaciones/FichaEstacion05517.pdf;
05521;EL REMEDIO;43,375076;-5,546238;CARRETERA NA-4 - ESTACION FERROCARRIL, S/N;33529;Siero;Asturias;https://data.renfe.com/files/estaciones/FichaEstacion05521.pdf;
05522;LLAMES;43,368779;-5,525202;CALLE ESTACION FERROCARRIL, S/N;33529;Nava;Asturias;https://data.renfe.com/files/estaciones/FichaEstacion05522.pdf;
05523;NAVA;43,361178;-5,50918;CALLE LA BARRACA, S/N;33520;Nava;Asturias;https://data.renfe.com/files/estaciones/FichaEstacion05523.pdf;
05525;FUENTE SANTA DE NAVA;43,355582;-5,478512;CARRETERA NA-3 - ESTACION FERROCARRIL, S/N;33529;Nava;Asturias;https://data.renfe.com/files/estaciones/FichaEstacion05525.pdf;
05527;CECEDA;43,356227;-5,451121;CASERIO VEGA DE ABAJO, 10;33582;Nava;Asturias;https://data.renfe.com/files/estaciones/FichaEstacion05527.pdf;
05529;CARANCOS;43,355586;-5,434425;AVDA. DE LA ESTACIÓN S/N;33520;Nava;Asturias;https://data.renfe.com/files/estaciones/FichaEstacion05529.pdf;
05531;PINTUELES;43,359945;-5,384157;CARRETERA N-634 - ESTACION FERROCARRIL, S/N;33535;Piloña;Asturias;https://data.renfe.com/files/estaciones/FichaEstacion05531.pdf;
05533;INFIESTO;43,351777;-5,36921;AVENIDA DE LA CUEVA, 2;33530;Piloña;Asturias;https://data.renfe.com/files/estaciones/FichaEstacion05533.pdf;
05534;INFIESTO-APEADERO;43,344047;-5,360648;CALLE LA MEDINA, S/N;33530;Piloña;Asturias;https://data.renfe.com/files/estaciones/FichaEstacion05534.pdf;
05535;VILLAMAYOR;43,363165;-5,302573;CALLE ESTACION FERROCARRIL, 1;33583;Teverga;Asturias;https://data.renfe.com/files/estaciones/FichaEstacion05535.pdf;
05537;SEBARES;43,362357;-5,257278;CARRETERA N-634 - ESTACION FERROCARRIL, S/N;33584;Piloña;Asturias;https://data.renfe.com/files/estaciones/FichaEstacion05537.pdf;
05539;SOTO DE DUEÑAS;43,358222;-5,226842;CARRETERA N-634 - ESTACION FERROCARRIL, S/N;33585;Parres;Asturias;https://data.renfe.com/files/estaciones/FichaEstacion05539.pdf;
05541;OZANES;43,368395;-5,185191;CARRETERA PR-4 - ESTACION FERROCARRIL, S/N;33546;Parres;Asturias;https://data.renfe.com/files/estaciones/FichaEstacion05541.pdf;
05542;POLICLINICO;43,378763;-5,186088;CALLE CASTAÑERA, S/N;33540;Parres;Asturias;https://data.renfe.com/files/estaciones/FichaEstacion05542.pdf;
05543;ARRIONDAS;43,387513;-5,188258;CALLE EVARISTO VALLE, 1;33540;Parres;Asturias;https://data.renfe.com/files/estaciones/FichaEstacion05543.pdf;
05545;FUENTES;43,401443;-5,143117;CALLE FUENTES, S/N;33586;Parres;Asturias;https://data.renfe.com/files/estaciones/FichaEstacion05545.pdf;
05547;TORAÑO;43,412281;-5,118013;CALLE ESTACION FERROCARRIL S/N;33587;Parres;Asturias;https://data.renfe.com/files/estaciones/FichaEstacion05547.pdf;
05549;CUEVAS;43,431233;-5,073446;CALLE ESTACION FERROCARRIL S/N;33500;Ribadesella;Asturias;https://data.renfe.com/files/estaciones/FichaEstacion05549.pdf;
05551;LLOVIO;43,440576;-5,05575;GLORIETA CARRETERA N-632 Y N-634 - ESTACION FERROCARRIL, S/N;33569;Ribadesella;Asturias;https://data.renfe.com/files/estaciones/FichaEstacion05551.pdf;
05552;RIBADESELLA PUERTO  ;43,4579299;-5,0584164;Barrio Orellana, 10;33560;Ribadesella;Asturias;;
05553;RIBADESELLA;43,459482;-5,0547;CALLE DEL FUERTE, S/N;33560;Ribadesella;Asturias;https://data.renfe.com/files/estaciones/FichaEstacion05553.pdf;
05555;CAMANGO;43,448346;-5,019027;CARRETERA AS-263 - ESTACION FERROCARRIL, S/N;33568;Ribadesella;Asturias;https://data.renfe.com/files/estaciones/FichaEstacion05555.pdf;
05557;BELMONTE DE PRIA;43,43979;-4,982351;CARRETERA AS-263 - ESTACION FERROCARRIL, S/N;33591;Llanes;Asturias;https://data.renfe.com/files/estaciones/FichaEstacion05557.pdf;
05559;NUEVA;43,440585;-4,935531;CALLE NUEVA, 42;33592;Llanes;Asturias;https://data.renfe.com/files/estaciones/FichaEstacion05559.pdf;
05561;VILLAHORMES;43,442037;-4,903776;CARRETERA AS-263 - ESTACION FERROCARRIL, S/N;33593;Llanes;Asturias;https://data.renfe.com/files/estaciones/FichaEstacion05561.pdf;
05563;POSADA;43,424931;-4,865114;CALLE ALDEA POSADA, S/N;33594;Llanes;Asturias;https://data.renfe.com/files/estaciones/FichaEstacion05563.pdf;
05565;BALMORI;43,421468;-4,835844;CARRETERA AS-263 - ESTACION FERROCARRIL S/N;33595;Llanes;Asturias;https://data.renfe.com/files/estaciones/FichaEstacion05565.pdf;
05567;CELORIO;43,424827;-4,811345;CARRETERA AS-263 - ESTACION FERROCARRIL, S/N;33595;Llanes;Asturias;https://data.renfe.com/files/estaciones/FichaEstacion05567.pdf;
05569;POO;43,424145;-4,782398;CARRETERA AS-263 - ESTACION FERROCARRIL, S/N;33509;Llanes;Asturias;https://data.renfe.com/files/estaciones/FichaEstacion05569.pdf;
05571;LLANES;43,420981;-4,759023;BARRIO DE LA ESTACION, 2;33500;Llanes;Asturias;https://data.renfe.com/files/estaciones/FichaEstacion05571.pdf;
05573;SAN ROQUE DEL ACEBAL;43,394791;-4,729909;PLAZA SAN ROQUE, 306;33596;Llanes;Asturias;https://data.renfe.com/files/estaciones/FichaEstacion05573.pdf;
05575;VIDIAGO;43,396567;-4,673236;CALLE RIEGO, S/N;33597;Llanes;Asturias;https://data.renfe.com/files/estaciones/FichaEstacion05575.pdf;
05577;PENDUELES;43,392856;-4,630046;CARRETERA LLN-3 - ESTACION FERROCARRIL, S/N;33598;Llanes;Asturias;https://data.renfe.com/files/estaciones/FichaEstacion05577.pdf;
05579;COLOMBRES;43,38283;-4,55693;CALLE ESTACION FERROCARRIL S/N;33590;Ribadedeva;Asturias;https://data.renfe.com/files/estaciones/FichaEstacion05579.pdf;
05602;VALDECILLA LA MARGA;43,452804;-3,828602;AVENIDA PARAYAS, S/N - POLIGONO INDUSTRIAL CANDINA;39011;Santander;Cantabria;https://data.renfe.com/files/estaciones/FichaEstacion05602.pdf;
05603;CAZOÑA;43,455249;-3,841491;CARRETERA N-611 - ESTACION FERROCARRIL, S/N;39011;Santander;Cantabria;https://data.renfe.com/files/estaciones/FichaEstacion05603.pdf;
05604;ADARZO;43,453465;-3,85579;CALLE ADARZO, 77 - CALLE LUIS QUINTANILLA ISASI, S/N;39011;Santander;Cantabria;https://data.renfe.com/files/estaciones/FichaEstacion05604.pdf;
05605;BEZANA;43,440838;-3,899563;CALLE LA SOLEDAD, 12;39100;Santa Cruz de Bezana;Cantabria;https://data.renfe.com/files/estaciones/FichaEstacion05605.pdf;
05607;MORTERA;43,435207;-3,918223;CARRETERA S-464 - ESTACION FERROCARRIL, S/N;39100;Santa Cruz de Bezana;Cantabria;https://data.renfe.com/files/estaciones/FichaEstacion05607.pdf;
05609;BOO DE PIELAGOS;43,431638;-3,946311;BARRIO SAN JUAN, 4;39478;Piélagos;Cantabria;https://data.renfe.com/files/estaciones/FichaEstacion05609.pdf;
05611;MOGRO;43,424963;-3,960571;CALLE MIES DEHESA, S/N;39310;Miengo;Cantabria;https://data.renfe.com/files/estaciones/FichaEstacion05611.pdf;
05613;GORNAZO;43,409638;-3,988686;CARRETERA CA-322 - ESTACION FERROCARRIL, S/N;39318;Miengo;Cantabria;https://data.renfe.com/files/estaciones/FichaEstacion05613.pdf;
05615;MAR;43,398343;-4,010047;CARRETERA CA-322 - BARRIO MAR, S/N;39318;Polanco;Cantabria;https://data.renfe.com/files/estaciones/FichaEstacion05615.pdf;
05617;REQUEJADA;43,391427;-4,028048;BARRIO REQUEJADA, 40;39312;Polanco;Cantabria;https://data.renfe.com/files/estaciones/FichaEstacion05617.pdf;
05619;BARREDA;43,37424;-4,04187;AVENIDA SOLVAY, 113;39300;Torrelavega;Cantabria;https://data.renfe.com/files/estaciones/FichaEstacion05619.pdf;
05620;ALTAMIRA;43,351883;-4,056965;BARRIO EL CEREZO, S/N;39300;Torrelavega;Cantabria;https://data.renfe.com/files/estaciones/FichaEstacion05620.pdf;
05621;TORRELAVEGA-CENTRO;43,35093;-4,051009;PLAZA ESTACIONES S/N;39300;Torrelavega;Cantabria;https://data.renfe.com/files/estaciones/FichaEstacion05621.pdf;
05622;GANZO;43,356546;-4,070291;AVENIDA OVIEDO, 61 - ESTACION FERROCARRIL, S/N;39300;Torrelavega;Cantabria;https://data.renfe.com/files/estaciones/FichaEstacion05622.pdf;
05623;PUENTE SAN MIGUEL;43,358632;-4,08773;BARRIO PUENTE SAN MIGUEL, 184;39530;Reocín;Cantabria;https://data.renfe.com/files/estaciones/FichaEstacion05623.pdf;
05625;SANTA ISABEL DE QUIJAS;43,359022;-4,11179;BARRIO LA VEGUILLA, S/N;39530;Reocín;Cantabria;https://data.renfe.com/files/estaciones/FichaEstacion05625.pdf;
05627;SAN PEDRO DE RUDAGÜERA;43,361127;-4,149519;CARRETERA CA-355 - ESTACION FERROCARRIL, S/N;39539;Alfoz de Lloredo;Cantabria;https://data.renfe.com/files/estaciones/FichaEstacion05627.pdf;
05629;GOLBARDO;43,340837;-4,155632;CARRETERA CA-354 - BARRIO GOLBARDO, S/N;39590;Reocín;Cantabria;https://data.renfe.com/files/estaciones/FichaEstacion05629.pdf;
05631;CASAR DE PERIEDO;43,338983;-4,174643;BARRIO CASAR, 22;39591;Cabezón de la Sal;Cantabria;https://data.renfe.com/files/estaciones/FichaEstacion05631.pdf;
05633;VIRGEN DE LA PEÑA;43,323142;-4,193685;BARRIO VIRGEN DE LA PEÑA, 42;39509;Cabezón de la Sal;Cantabria;https://data.renfe.com/files/estaciones/FichaEstacion05633.pdf;
05635;ONTORIA;43,315339;-4,215413;BARRIO ONTORIA, 200;39500;Cabezón de la Sal;Cantabria;https://data.renfe.com/files/estaciones/FichaEstacion05635.pdf;
05637;CABEZON DE LA SAL;43,307907;-4,231905;AVENIDA TEXTIL SANTANDERINA, 2;39500;Cabezón de la Sal;Cantabria;https://data.renfe.com/files/estaciones/FichaEstacion05637.pdf;
05641;TRECEÑO;43,318331;-4,309012;CARRETERA N-634 - ESTACION FERROCARRIL, S/N;39592;Valdáliga;Cantabria;https://data.renfe.com/files/estaciones/FichaEstacion05641.pdf;
05643;ROIZ;43,328328;-4,349239;BARRIO LAS CUEVAS, 20;39593;Valdáliga;Cantabria;https://data.renfe.com/files/estaciones/FichaEstacion05643.pdf;
05644;EL BARCENAL;43,340347;-4,383335;BARRIO EL BARCENAL, S/N;39549;San Vicente de la Barquera;Cantabria;https://data.renfe.com/files/estaciones/FichaEstacion05644.pdf;
05645;SAN VICENTE DE LA BARQUERA;43,367837;-4,404504;BARRIO LA ACEBOSA, 7;39549;San Vicente de la Barquera;Cantabria;https://data.renfe.com/files/estaciones/FichaEstacion05645.pdf;
05647;PESUES;43,370289;-4,480174;CARRETERA CA-181 - ESTACION FERROCARRIL, S/N;39548;Val de San Vicente;Cantabria;https://data.renfe.com/files/estaciones/FichaEstacion05647.pdf;
05649;UNQUERA;43,374805;-4,514399;CALLE CARRETERA GENERAL - ESTACION FERROCARRIL, S/N;39560;Val de San Vicente;Cantabria;https://data.renfe.com/files/estaciones/FichaEstacion05649.pdf;
05651;NUEVA MONTAÑA;43,440103;-3,849398;AVENIDA NUEVA MONTAÑA, 35;39011;Santander;Cantabria;https://data.renfe.com/files/estaciones/FichaEstacion05651.pdf;
05652;VALLE REAL;43,427513;-3,840498;CALLE ENRIQUE GRAN, S/N;39600;Camargo;Cantabria;https://data.renfe.com/files/estaciones/FichaEstacion05652.pdf;
05655;MALIAÑO LA VIDRIERA;43,416083;-3,841081;AVENIDA DE CANTABRIA, 26;39600;Camargo;Cantabria;https://data.renfe.com/files/estaciones/FichaEstacion05655.pdf;
05657;ASTILLERO;43,40362;-3,820623;AVENIDA CHICLANA, 2;39610;Astillero, El;Cantabria;https://data.renfe.com/files/estaciones/FichaEstacion05657.pdf;
05658;LA CANTABRICA;43,397277;-3,814936;CALLE LA CANTABRICA, 23;39610;Astillero, El;Cantabria;https://data.renfe.com/files/estaciones/FichaEstacion05658.pdf;
05659;SAN SALVADOR;43,393758;-3,803777;BARRIO EL ESPINO, S/N;39619;Medio Cudeyo;Cantabria;https://data.renfe.com/files/estaciones/FichaEstacion05659.pdf;
05661;HERAS;43,401139;-3,766305;CALLE ESTACION FERROCARRIL S/N;39792;Medio Cudeyo;Cantabria;https://data.renfe.com/files/estaciones/FichaEstacion05661.pdf;
05663;OREJO;43,399487;-3,737923;BARRIO ESTACION FERROCARRIL, 130;39719;Marina de Cudeyo;Cantabria;https://data.renfe.com/files/estaciones/FichaEstacion05663.pdf;
05665;SOLARES;43,387236;-3,731327;CALLE ESTACION FERROCARRIL, 3;39710;Medio Cudeyo;Cantabria;https://data.renfe.com/files/estaciones/FichaEstacion05665.pdf;
05667;CECEÑAS;43,376478;-3,718128;CARRETERA CA-161 - POBLADO CECEÑAS, 72;39724;Medio Cudeyo;Cantabria;https://data.renfe.com/files/estaciones/FichaEstacion05667.pdf;
05669;LA CAVADA;43,350672;-3,707074;PASEO MARQUES DE VALDECILLA - CARRETERA RUCANDIO, S/N;39720;Riotuerto;Cantabria;https://data.renfe.com/files/estaciones/FichaEstacion05669.pdf;
05671;LIERGANES;43,344991;-3,742572;CALLE PUENTE ROMANO, 1;39727;Liérganes;Cantabria;https://data.renfe.com/files/estaciones/FichaEstacion05671.pdf;
05672;PUENTE AGÜERO;43,406489;-3,719342;CARRETERA CA-421 - ESTACION FERROCARRIL, S/N;39719;Entrambasaguas;Cantabria;https://data.renfe.com/files/estaciones/FichaEstacion05672.pdf;
05673;VILLAVERDE  DE PONTONES;43,411322;-3,703643;CALLE BARRIO EL RESBALON, 9;39793;Ribamontán al Monte;Cantabria;https://data.renfe.com/files/estaciones/FichaEstacion05673.pdf;
05675;HOZ DE ANERO;43,404885;-3,666883;BARRIO ESTACION FERROCARRIL, S/N;39794;Ribamontán al Monte;Cantabria;https://data.renfe.com/files/estaciones/FichaEstacion05675.pdf;
05677;BERANGA;43,413759;-3,576887;BARRIO ESTACION FERROCARRIL, 10;39730;Hazas de Cesto;Cantabria;https://data.renfe.com/files/estaciones/FichaEstacion05677.pdf;
05679;GAMA;43,423096;-3,524948;CARRETERA N-634 - BARRIO DE GAMA, S/N;39790;Bárcena de Cicero;Cantabria;https://data.renfe.com/files/estaciones/FichaEstacion05679.pdf;
05681;CICERO;43,417163;-3,490532;CARRETERA N-634 - ESTACION FERROCARRIL, S/N;39790;Bárcena de Cicero;Cantabria;https://data.renfe.com/files/estaciones/FichaEstacion05681.pdf;
05683;TRETO;43,394206;-3,469285;BARRIO TRETO, 4;39760;Bárcena de Cicero;Cantabria;https://data.renfe.com/files/estaciones/FichaEstacion05683.pdf;
05685;LIMPIAS;43,358843;-3,433382;CARRETERA CA-257 - ESTACION FERROCARRIL, S/N;39762;Limpias;Cantabria;https://data.renfe.com/files/estaciones/FichaEstacion05685.pdf;
05687;MARRON;43,34661;-3,420918;CARRETERA CA-258 - ESTACION FERROCARRIL, S/N;39849;Ampuero;Cantabria;https://data.renfe.com/files/estaciones/FichaEstacion05687.pdf;
05689;UDALLA;43,313714;-3,445541;BARRIO FRESNO, 14;39860;Ampuero;Cantabria;https://data.renfe.com/files/estaciones/FichaEstacion05689.pdf;
05691;GIBAJA;43,282221;-3,438374;BARRIO ESTACION FERROCARRIL, 11;39809;Ramales de la Victoria;Cantabria;https://data.renfe.com/files/estaciones/FichaEstacion05691.pdf;
05721;ARLA BERRON;43,166706;-3,227581;CAMINO EL BERRON, S/N;9585;Valle de Mena;Burgos;https://data.renfe.com/files/estaciones/FichaEstacion05721.pdf;
05722;UNGO NAVA;43,152027;-3,26588;CARRETERA CL-629 - ESTACION FERROCARRIL, S/N;9586;Valle de Mena;Burgos;https://data.renfe.com/files/estaciones/FichaEstacion05722.pdf;
05724;MERCADILLO-VILLASANA;43,105209;-3,264469;Ds Las Casillas;9588;Valle de Mena;Burgos;https://data.renfe.com/files/estaciones/FichaEstacion05724.pdf;
05727;CADAGUA;43,068078;-3,347473;CALLE CAMINO A MENA - ESTACION FERROCARRIL, S/N;9589;Valle de Mena;Burgos;https://data.renfe.com/files/estaciones/FichaEstacion05727.pdf;
05730;BERCEDO-MONTIJA;43,08852;-3,457309;CALLE ESTACION FERROCARRIL, 1;9569;Espinosa de los Monteros;Burgos;https://data.renfe.com/files/estaciones/FichaEstacion05730.pdf;
05731;QUINTANA DE LOS PRADOS;43,1350358;-3,5535711;Quintana de los P,32;9569;Espinosa de los Monteros;Burgos;https://data.renfe.com/files/estaciones/FichaEstacion05731.pdf;
05732;ESPINOSA DE LOS MONTEROS;43,074412;-3,537296;CARRETERA BU-526 - ESTACION FERROCARRIL, S/N;9560;Espinosa de los Monteros;Burgos;https://data.renfe.com/files/estaciones/FichaEstacion05732.pdf;
05733;REDONDO;43,060661;-3,619448;CALLE ESTACION FERROCARRIL S/N;9568;Espinosa de los Monteros;Burgos;https://data.renfe.com/files/estaciones/FichaEstacion05733.pdf;
05734;SOTOSCUEVA;43,04581;-3,67767;BARRIO ESTACION FERROCARRIL, 3;9568;Merindad de Sotoscueva;Burgos;https://data.renfe.com/files/estaciones/FichaEstacion05734.pdf;
05735;PEDROSA;43,012399;-3,737869;CARRETERA ESTACION FERROCARRIL, 6;9574;Merindad de Valdeporres;Burgos;https://data.renfe.com/files/estaciones/FichaEstacion05735.pdf;
05736;DOSANTE CIDAD;43,009436;-3,740331;CARRETERA ESTACION FERROCARRIL, S/N;9574;Merindad de Valdeporres;Burgos;https://data.renfe.com/files/estaciones/FichaEstacion05736.pdf;
05737;ROBREDO AHEDO;43,019054;-3,80933;CALLE ESTACION FERROCARRIL S/N;9573;Merindad de Valdeporres;Burgos;https://data.renfe.com/files/estaciones/FichaEstacion05737.pdf;
05738;SONCILLO;43,005809;-3,844888;CARRETERA BU-V-5791 - ESTACION FERROCARRIL, S/N;9572;Valle de Valdebezana;Burgos;https://data.renfe.com/files/estaciones/FichaEstacion05738.pdf;
05739;CABAÑAS DE VIRTUS;42,996397;-3,858466;CALLE ESTACION FERROCARRIL S/N;9572;Valle de Valdebezana;Burgos;https://data.renfe.com/files/estaciones/FichaEstacion05739.pdf;
05740;ARIJA;42,99135;-3,944616;CALLE ARSENIO BRACHOTT, 30;9570;Arija;Burgos;https://data.renfe.com/files/estaciones/FichaEstacion05740.pdf;
05741;LLANO;42,987954;-3,982559;CARRETERA CA-730 - ESTACION FERROCARRIL, S/N;39213;Rozas de Valdearroyo, Las;Cantabria;https://data.renfe.com/files/estaciones/FichaEstacion05741.pdf;
05742;LAS ROZAS DE VALDEARROYO;42,973609;-4,029832;CARRETERA CA-730 - ESTACION FERROCARRIL, S/N;39213;Rozas de Valdearroyo, Las;Cantabria;https://data.renfe.com/files/estaciones/FichaEstacion05742.pdf;
05743;MONTES CLAROS;42,932039;-4,042668;CARRETERA CA-741 - ESTACION FERROCARRIL, S/N;39417;Valdeprado del Río;Cantabria;https://data.renfe.com/files/estaciones/FichaEstacion05743.pdf;
05744;LOS CARABEOS;42,910355;-4,075293;CARRETERA CA-741 - ESTACION FERROCARRIL, S/N;39419;Valdeprado del Río;Cantabria;https://data.renfe.com/files/estaciones/FichaEstacion05744.pdf;
05747;CILLAMAYOR;42,857789;-4,279065;CALLE RIO CILL - ESTACION FERROCARRIL, S/N;34829;Barruelo de Santullán;Palencia;https://data.renfe.com/files/estaciones/FichaEstacion05747.pdf;
05748;SALINAS DE PISUERGA;42,851259;-4,38599;CARRETERA P-212 - ESTACION FERROCARIL, S/N;34830;Salinas de Pisuerga;Palencia;https://data.renfe.com/files/estaciones/FichaEstacion05748.pdf;
05749;VADO-CERVERA;42,839308;-4,494562;CALLE IGLESIA,  S/N;34484;Dehesa de Montejo;Palencia;https://data.renfe.com/files/estaciones/FichaEstacion05749.pdf;
05750;CASTREJON DE LA PEÑA;42,811992;-4,601608;CALLE ESTACION FERROCARRIL,S/N;34850;Castrejón de la Peña;Palencia;https://data.renfe.com/files/estaciones/FichaEstacion05750.pdf;
05751;VILLAVERDE TARILONTE;42,818521;-4,685757;CALLE DON JESUS MAYORDOMO - ESTACION FERROCARRIL, S/N;34869;Santibáñez de la Peña;Palencia;https://data.renfe.com/files/estaciones/FichaEstacion05751.pdf;
05752;SANTIBAÑEZ DE LA PEÑA;42,802064;-4,741527;CARRETERA P-214 - ESTACION FERROCARRIL, S/N;34879;Santibáñez de la Peña;Palencia;https://data.renfe.com/files/estaciones/FichaEstacion05752.pdf;
05753;GUARDO-APEADERO;42,787702;-4,845112;CALLE EL SOTO, S/N;34880;Guardo;Palencia;https://data.renfe.com/files/estaciones/FichaEstacion05753.pdf;
05754;GUARDO;42,791057;-4,852362;CALLE ESTACION FERROCARRIL, S/N;34880;Guardo;Palencia;https://data.renfe.com/files/estaciones/FichaEstacion05754.pdf;
05755;LA LLAMA DE LA GUZPEÑA;42,77215;-5,03891;CARRETERA CL-626 - ESTACION FERROCARRIL, S/N;24893;Prado de la Guzpeña;León;https://data.renfe.com/files/estaciones/FichaEstacion05755.pdf;
05756;LA ESPINA;42,787317;-4,905185;CARRETERA CL-626 - ESTACION FERROCARRIL, S/N;24889;Valderrueda;León;https://data.renfe.com/files/estaciones/FichaEstacion05756.pdf;
05757;VALCUENDE;42,765639;-4,930047;CALLE ARRIBA, S/N;24889;Valderrueda;León;https://data.renfe.com/files/estaciones/FichaEstacion05757.pdf;
05758;PUENTE ALMUHEY;42,78764;-4,971911;CALLE ESTACION FERROCARRIL, 2 - 4;24880;Valderrueda;León;https://data.renfe.com/files/estaciones/FichaEstacion05758.pdf;
05759;PRADO DE LA GUZPEÑA;42,783264;-5,027122;CALLE LA TORRE, S/N;24893;Prado de la Guzpeña;León;https://data.renfe.com/files/estaciones/FichaEstacion05759.pdf;
05760;VALLE DE LAS CASAS;42,767776;-5,071105;CARRETERA CL-626 - ESTACION FERROCARRIL, S/N;24892;Cebanico;León;https://data.renfe.com/files/estaciones/FichaEstacion05760.pdf;
05761;CISTIERNA;42,803325;-5,130783;CALLE EL HULLERO, 21;24800;Cistierna;León;https://data.renfe.com/files/estaciones/FichaEstacion05761.pdf;
05762;YUGUEROS;42,809817;-5,180063;CALLE REAL, S/N;24879;Ercina, La;León;https://data.renfe.com/files/estaciones/FichaEstacion05762.pdf;
05763;LA ERCINA;42,808842;-5,213909;CALLE ESTACION FERROCARRIL, 10;24870;Ercina, La;León;https://data.renfe.com/files/estaciones/FichaEstacion05763.pdf;
05764;BARRILLOS;42,812364;-5,283128;CARRETERA LE-4606 - ESTACION FERROCARRIL, S/N;24877;Ercina, La;León;https://data.renfe.com/files/estaciones/FichaEstacion05764.pdf;
05765;LA LOSILLA;42,838561;-5,318151;CALLE REAL CIMERA, S/N;24860;Vegaquemada;León;https://data.renfe.com/files/estaciones/FichaEstacion05765.pdf;
05766;BOÑAR;42,862759;-5,328534;CALLE HERMINIO RODRIGUEZ, S/N;24850;Boñar;León;https://data.renfe.com/files/estaciones/FichaEstacion05766.pdf;
05767;LA VECILLA;42,855095;-5,412162;CARRETERA LE-321 - ESTACION FERROCARRIL, S/N;24840;Vecilla, La;León;https://data.renfe.com/files/estaciones/FichaEstacion05767.pdf;
05768;AVIADOS;42,854774;-5,442816;CALLE BARRIO FONDO - CARRETERA CL-626 - ESTACION FERROCARRIL, S/N;24849;Vecilla, La;León;https://data.renfe.com/files/estaciones/FichaEstacion05768.pdf;
05769;LA VALCUEVA;42,84966;-5,486957;CALLE LA RIBA, S/N;24839;Matallana de Torío;León;https://data.renfe.com/files/estaciones/FichaEstacion05769.pdf;
05770;MATALLANA;42,841068;-5,522135;CALLE TRAVESIA ESTACION FERROCARRIL, S/N;24830;Matallana de Torío;León;https://data.renfe.com/files/estaciones/FichaEstacion05770.pdf;
05771;PARDAVE;42,806349;-5,508186;CALLE SAN ANDRES, S/N;24820;Matallana de Torío;León;https://data.renfe.com/files/estaciones/FichaEstacion05771.pdf;
05772;PEDRUN;42,791013;-5,506954;CARRETERA LE-311 - ESTACION FERROCARRIL, S/N;24820;Garrafe de Torío;León;https://data.renfe.com/files/estaciones/FichaEstacion05772.pdf;
05773;MANZANEDA;42,754603;-5,51641;CALLE VEGA DE SAN PEDRO, S/N;24891;Garrafe de Torío;León;https://data.renfe.com/files/estaciones/FichaEstacion05773.pdf;
05774;GARRAFE;42,734502;-5,52421;CALLE ESTACION FERROCARRIL, 5;24891;Garrafe de Torío;León;https://data.renfe.com/files/estaciones/FichaEstacion05774.pdf;
05775;PALAZUELO;42,707132;-5,533764;CAMINO APEADERO, 11;24891;Garrafe de Torío;León;https://data.renfe.com/files/estaciones/FichaEstacion05775.pdf;
05776;SAN FELIZ;42,682301;-5,537782;CALLE ESTACION FERROCARRIL, 3;24890;Garrafe de Torío;León;https://data.renfe.com/files/estaciones/FichaEstacion05776.pdf;
05777;VILLAQUILAMBRE;42,646886;-5,554037;CALLE LA VIA, S/N;24193;Villaquilambre;León;https://data.renfe.com/files/estaciones/FichaEstacion05777.pdf;
05778;LEÓN, PADRE ISLA;42,60232;-5,57504;AVDA. PADRE ISLA, 48;24002;León;León;;
05784;HOSPITALES;42,61262;-5,56985;Calle Maestro Jusquin, 17;24008;León;León;;
05785;VILLASINTA;42,657554;-5,549298;CALLE LA VIA, S/N;24193;Villaquilambre;León;https://data.renfe.com/files/estaciones/FichaEstacion05785.pdf;
05786;MATUECA;42,771532;-5,51194;CALLE VIRGEN CAMINO, S/N;24820;Garrafe de Torío;León;https://data.renfe.com/files/estaciones/FichaEstacion05786.pdf;
05787;NAREDO;42,833441;-5,523002;CARRETERA LE-4620 - ESTACION FERROCARRIL, S/N;24839;Matallana de Torío;León;https://data.renfe.com/files/estaciones/FichaEstacion05787.pdf;
05788;ROBLES;42,840726;-5,507317;CALLE ESTACION FERROCARRIL S/N;24839;Matallana de Torío;León;https://data.renfe.com/files/estaciones/FichaEstacion05788.pdf;
05789;CAMPOHERMOSO;42,855941;-5,42872;CARRETERA CL-626 - ESTACION FERROCARRIL, S/N;24849;Vecilla, La;León;https://data.renfe.com/files/estaciones/FichaEstacion05789.pdf;
05790;SORRIBA;42,786275;-5,127475;CALLE CAMINO NUMERO UNO, 2;24815;Cistierna;León;https://data.renfe.com/files/estaciones/FichaEstacion05790.pdf;
05793;LA MATA DE LA RIBA;42,858578;-5,339745;CALLE LA UNION, S/N;24852;Vegaquemada;León;https://data.renfe.com/files/estaciones/FichaEstacion05793.pdf;
05794;LA RAYA;42,638109;-5,556996;CALLE PICON, S/N;24193;Villaquilambre;León;https://data.renfe.com/files/estaciones/FichaEstacion05794.pdf;
05795;OTERO;42,859568;-5,389983;CALLE ESTACION FERROCARRIL S/N;24847;Villaquilambre;León;https://data.renfe.com/files/estaciones/FichaEstacion05795.pdf;
05796;VILLA ROMANA;42,629111;-5,561338;AVENIDA DE LA LIBERTAD, S/N;24193;Villaquilambre;León;https://data.renfe.com/files/estaciones/FichaEstacion05796.pdf;
05797;VALDEPIELAGO;42,864964;-5,403234;CARRETERA LE-321 - ESTACION FERROCARRIL, S/N;24847;Valdepiélago;León;https://data.renfe.com/files/estaciones/FichaEstacion05797.pdf;
05798;LA DEVESA;42,820148;-5,302187;CALLE ESTACION FERROCARRIL S/N;24860;Vegaquemada;León;https://data.renfe.com/files/estaciones/FichaEstacion05798.pdf;
05799;CEREZAL DE LA GUZPEÑA;42,779787;-5,005576;CARRETERA CL-626 - ESTACION FERROCARRIL, S/N;24893;Prado de la Guzpeña;León;https://data.renfe.com/files/estaciones/FichaEstacion05799.pdf;
05801;VENTAS SAN MAMES;42,6093765;-5,5717606;Plaza Juan de Austria;24008;León;León;;
05803;LA ASUNCION UNIVERSIDAD;42,615821;-5,566379;CALLE TAMBARON, 3;24003;León;León;https://data.renfe.com/files/estaciones/FichaEstacion05803.pdf;
05805;BARRIO DE LAS OLLAS;42,85859;-5,339461;CALLE LA UNION, S/N;24852;Boñar;León;https://data.renfe.com/files/estaciones/FichaEstacion05805.pdf;
05807;VALDERILLA;42,718707;-5,529982;CARRETERA LE-4518 - ESTACION FERROCARRIL, S/N;24891;Santander;Cantabria;https://data.renfe.com/files/estaciones/FichaEstacion05807.pdf;
05951;CARTAGENA-PLAZA BASTARRECHE;37,603575;-0,977029;PLAZA ALMIRANTE BASTARRECHE, S/N;30202;Cartagena;Murcia;https://data.renfe.com/files/estaciones/FichaEstacion05951.pdf;
05952;HOSPITAL;37,605212;-0,960726;CARRETERA CT-33 - ACCESO HOSPITAL UNIVERSITARIO SANTA LUCIA;30202;Cartagena;Murcia;https://data.renfe.com/files/estaciones/FichaEstacion05952.pdf;
05953;MEDIA LEGUA;37,607888;-0,953643;CALLE CUESTA ESTANCO, S/N;30392;Cartagena;Murcia;https://data.renfe.com/files/estaciones/FichaEstacion05953.pdf;
05955;VISTA ALEGRE;37,609294;-0,944179;CALLE MONACO, 18;30399;Cartagena;Murcia;https://data.renfe.com/files/estaciones/FichaEstacion05955.pdf;
05957;ABREVADERO;37,609711;-0,931837;CARRETERA N-332 - ESTACION FERROCARRIL, S/N;30399;Cartagena;Murcia;https://data.renfe.com/files/estaciones/FichaEstacion05957.pdf;
05959;ALUMBRES;37,609929;-0,914841;CALLE ESTACION FERROCARRIL, 33;30351;Cartagena;Murcia;https://data.renfe.com/files/estaciones/FichaEstacion05959.pdf;
05961;LA ESPERANZA;37,613793;-0,891342;CARRETERA ESPERANZA A PORTMAN, S/N;30369;Unión, La;Murcia;https://data.renfe.com/files/estaciones/FichaEstacion05961.pdf;
05963;LA UNION VIEJA;37,615486;-0,881663;CALLE CAMILO JOSE CELA, S/N;30360;Unión, La;Murcia;https://data.renfe.com/files/estaciones/FichaEstacion05963.pdf;
05965;LA UNION;37,615673;-0,875217;CALLE DE LA GABRIELA, 1;30360;Unión, La;Murcia;https://data.renfe.com/files/estaciones/FichaEstacion05965.pdf;
05967;SIERRA MINERA;37,61985;-0,864864;CARRETERA RM-F43 KM 1 - ESTACION FERROCARRIL, S/N;30360;Unión, La;Murcia;https://data.renfe.com/files/estaciones/FichaEstacion05967.pdf;
05969;LLANO DEL BEAL;37,626055;-0,83621;CALLE ZORRILLA, 4;30381;Cartagena;Murcia;https://data.renfe.com/files/estaciones/FichaEstacion05969.pdf;
05971;EL ESTRECHO;37,627603;-0,829591;CARRETERA RM-F43 - ESTACION FERROCARRIL, S/N;30381;Cartagena;Murcia;https://data.renfe.com/files/estaciones/FichaEstacion05971.pdf;
05973;LOS NIETOS-VIEJOS;37,646924;-0,791485;AVENIDA DEL PROGRESO, 64;30383;Cartagena;Murcia;https://data.renfe.com/files/estaciones/FichaEstacion05973.pdf;
05975;LOS NIETOS-PESCADERIA;37,649354;-0,787864;CALLE SANTA TERESA, S/N;30383;Cartagena;Murcia;https://data.renfe.com/files/estaciones/FichaEstacion05975.pdf;
05977;LOS NIETOS;37,651839;-0,796983;CALLE DATIL DE MAR, S/N;30383;Cartagena;Murcia;https://data.renfe.com/files/estaciones/FichaEstacion05977.pdf;
13206;AMETZOLA;43,254667;-2,943635;ETORBIDEA FERROCARRIL, S/N;48012;Bilbao;Bizkaia;https://data.renfe.com/files/estaciones/FichaEstacion13206.pdf;
14200;MATAPORQUERA;42,8728184;-4,1642245;CALLE CONSTITUCION, 17;39410;Valdeolea;Cantabria;https://data.renfe.com/files/estaciones/FichaEstacion14200.pdf;
14223;SANTANDER;43,458572;-3,811063;PLAZA DE LAS ESTACIONES, S/N;39002;Santander;Cantabria;https://data.renfe.com/files/estaciones/FichaEstacion14223.pdf;
15205;ABLAÑA;43,267258;-5,805951;CALLE ESTACION FERROCARRIL, S/N;33650;Mieres;Asturias;https://data.renfe.com/files/estaciones/FichaEstacion15205.pdf;
15206;LA PEREDA-RIOSA;43,277052;-5,812251;CARRETERA N-630 - ESTACION FERROCARRIL, S/N;33682;Mieres;Asturias;https://data.renfe.com/files/estaciones/FichaEstacion15206.pdf;
15211;OVIEDO;43,366523;-5,855231;CALLE URIA, S/N - PLAZA DE LOS FERROVIARIOS, S/N;33012;Oviedo;Asturias;https://data.renfe.com/files/estaciones/FichaEstacion15211.pdf;
15217;LA CORREDORIA;43,387845;-5,826901;CALLE DOCTOR INGENIERO FRANCISCO PINTADO, S/N;33011;Oviedo;Asturias;https://data.renfe.com/files/estaciones/FichaEstacion15217.pdf;
15400;VERIÑA;43,541561;-5,722783;CARRETERA AVILES, S/N;33213;Gijón;Asturias;https://data.renfe.com/files/estaciones/FichaEstacion15400.pdf;
15410;GIJON-SANZ CRESPO;43,5377426;-5,6759041;CALLE SANZ CRESPO, S/N;33207;Gijón;Asturias;;
16403;AVILES;43,561305;-5,92845;AVENIDA DE LOS TELARES, S/N;33409;Avilés;Asturias;https://data.renfe.com/files/estaciones/FichaEstacion16403.pdf;
21010;FERROL;43,4880277;-8,2310665;AVENIDA DE COMPOSTELA, S/N;15407;Ferrol;Coruña, A;;
